"6409","Niedersachsen","03","DE9","Lüneburg","Landkreis","03355","DE935","Adendorf","Gemeinde","03355001","DE935","86568","Adendorf","53.281160000000000","10.438260000000000","21365"
"6410","Niedersachsen","03","DE9","Lüneburg","Landkreis","03355","DE935","Adendorf","Gemeinde","03355001","DE935","28977","Erbstorf","53.273942129357000","10.476190220572000","21365"
"6411","Niedersachsen","03","DE9","Lüneburg","Landkreis","03355","DE935","Amelinghausen","Gemeinde","03355002","DE935","85909","Amelinghausen","53.124370000000000","10.211000000000000","21385"
"6412","Niedersachsen","03","DE9","Lüneburg","Landkreis","03355","DE935","Amelinghausen","Gemeinde","03355002","DE935","28175","Dehnsen","53.126750311869000","10.168851416362000","21385"
"6413","Niedersachsen","03","DE9","Lüneburg","Landkreis","03355","DE935","Amelinghausen","Gemeinde","03355002","DE935","23788","Etzen","53.125035568374000","10.193820316058000","21385"
"6598","Niedersachsen","03","DE9","Lüneburg","Landkreis","03355","DE935","Amt Neuhaus","Gemeinde","03355049","DE935","29248","Bitter","53.167983079628000","11.036389493078000","19273"
"6599","Niedersachsen","03","DE9","Lüneburg","Landkreis","03355","DE935","Amt Neuhaus","Gemeinde","03355049","DE935","4316","Bohnenburg","53.166078345586000","11.123436668230000","19273"
"6600","Niedersachsen","03","DE9","Lüneburg","Landkreis","03355","DE935","Amt Neuhaus","Gemeinde","03355049","DE935","15151","Darchau","53.239758824853000","10.895165693811000","19273"
"6601","Niedersachsen","03","DE9","Lüneburg","Landkreis","03355","DE935","Amt Neuhaus","Gemeinde","03355049","DE935","11640","Dellien","53.307269082963000","10.921994418908000","19273"
"6602","Niedersachsen","03","DE9","Lüneburg","Landkreis","03355","DE935","Amt Neuhaus","Gemeinde","03355049","DE935","87134","Groß Kühren","53.236250000000000","10.917810000000000","19273"
"6603","Niedersachsen","03","DE9","Lüneburg","Landkreis","03355","DE935","Amt Neuhaus","Gemeinde","03355049","DE935","87125","Gülstorf","53.259870000000000","10.856350000000000","19273"
"6604","Niedersachsen","03","DE9","Lüneburg","Landkreis","03355","DE935","Amt Neuhaus","Gemeinde","03355049","DE935","3470","Haar","53.262338097257000","10.918244147803000","19273"
"6605","Niedersachsen","03","DE9","Lüneburg","Landkreis","03355","DE935","Amt Neuhaus","Gemeinde","03355049","DE935","87100","Herrenhof","53.161780000000000","11.052150000000000","19273"
"6606","Niedersachsen","03","DE9","Lüneburg","Landkreis","03355","DE935","Amt Neuhaus","Gemeinde","03355049","DE935","27861","Kaarßen","53.194338919262000","11.042382311557000","19273"
"6607","Niedersachsen","03","DE9","Lüneburg","Landkreis","03355","DE935","Amt Neuhaus","Gemeinde","03355049","DE935","10289","Konau","53.250012076626000","10.877603736981000","19273"
"6608","Niedersachsen","03","DE9","Lüneburg","Landkreis","03355","DE935","Amt Neuhaus","Gemeinde","03355049","DE935","30229","Krusendorf","53.296742948181000","10.852770861226000","19273"
"6609","Niedersachsen","03","DE9","Lüneburg","Landkreis","03355","DE935","Amt Neuhaus","Gemeinde","03355049","DE935","532","Laake","53.155740946917000","11.075750510135000","19273"
"6610","Niedersachsen","03","DE9","Lüneburg","Landkreis","03355","DE935","Amt Neuhaus","Gemeinde","03355049","DE935","25766","Laave","53.217936804395000","11.069142800158000","19273"
"6611","Niedersachsen","03","DE9","Lüneburg","Landkreis","03355","DE935","Amt Neuhaus","Gemeinde","03355049","DE935","6202","Neu Garge","53.272916286211000","10.829743538522000","19273"
"6612","Niedersachsen","03","DE9","Lüneburg","Landkreis","03355","DE935","Amt Neuhaus","Gemeinde","03355049","DE935","466","Neuhaus","53.285750590847000","10.928994350997000","19273"
"6613","Niedersachsen","03","DE9","Lüneburg","Landkreis","03355","DE935","Amt Neuhaus","Gemeinde","03355049","DE935","8721","Niendorf","53.307889634728000","10.890227005865000","19273"
"6614","Niedersachsen","03","DE9","Lüneburg","Landkreis","03355","DE935","Amt Neuhaus","Gemeinde","03355049","DE935","17422","Pinnau","53.181139964782000","11.080361007798000","19273"
"6615","Niedersachsen","03","DE9","Lüneburg","Landkreis","03355","DE935","Amt Neuhaus","Gemeinde","03355049","DE935","86880","Popelau","53.242840000000000","10.889910000000000","19273"
"6616","Niedersachsen","03","DE9","Lüneburg","Landkreis","03355","DE935","Amt Neuhaus","Gemeinde","03355049","DE935","4980","Preten","53.323509328168000","10.908407916640000","19273"
"6617","Niedersachsen","03","DE9","Lüneburg","Landkreis","03355","DE935","Amt Neuhaus","Gemeinde","03355049","DE935","86876","Privelack","53.196740000000000","10.983630000000000","19273"
"6618","Niedersachsen","03","DE9","Lüneburg","Landkreis","03355","DE935","Amt Neuhaus","Gemeinde","03355049","DE935","2007","Rassau","53.187141699433000","11.012528509990000","19273"
"6619","Niedersachsen","03","DE9","Lüneburg","Landkreis","03355","DE935","Amt Neuhaus","Gemeinde","03355049","DE935","18204","Rosien","53.299542185494000","10.967511533551000","19273"
"6620","Niedersachsen","03","DE9","Lüneburg","Landkreis","03355","DE935","Amt Neuhaus","Gemeinde","03355049","DE935","16064","Stapel","53.252536749209000","10.958646293336000","19273"
"6621","Niedersachsen","03","DE9","Lüneburg","Landkreis","03355","DE935","Amt Neuhaus","Gemeinde","03355049","DE935","17718","Stiepelse","53.288966552006000","10.803015719833000","19273"
"6622","Niedersachsen","03","DE9","Lüneburg","Landkreis","03355","DE935","Amt Neuhaus","Gemeinde","03355049","DE935","21385","Stixe","53.207962361570000","11.016258500761000","19273"
"6623","Niedersachsen","03","DE9","Lüneburg","Landkreis","03355","DE935","Amt Neuhaus","Gemeinde","03355049","DE935","24856","Strachau","53.146779714834000","11.101709118612000","19273"
"6624","Niedersachsen","03","DE9","Lüneburg","Landkreis","03355","DE935","Amt Neuhaus","Gemeinde","03355049","DE935","17822","Sückau","53.318663478228000","10.955082853247000","19273"
"6625","Niedersachsen","03","DE9","Lüneburg","Landkreis","03355","DE935","Amt Neuhaus","Gemeinde","03355049","DE935","1456","Sumte","53.287845296410000","10.876833035148000","19273"
"6626","Niedersachsen","03","DE9","Lüneburg","Landkreis","03355","DE935","Amt Neuhaus","Gemeinde","03355049","DE935","29907","Tripkau","53.182677218564000","11.104472606803000","19273"
"6627","Niedersachsen","03","DE9","Lüneburg","Landkreis","03355","DE935","Amt Neuhaus","Gemeinde","03355049","DE935","18310","Viehle","53.259930781028000","10.835807995938000","19273"
"6628","Niedersachsen","03","DE9","Lüneburg","Landkreis","03355","DE935","Amt Neuhaus","Gemeinde","03355049","DE935","86732","Vockfey","53.224470000000000","10.937000000000000","19273"
"6629","Niedersachsen","03","DE9","Lüneburg","Landkreis","03355","DE935","Amt Neuhaus","Gemeinde","03355049","DE935","28872","Wehningen","53.171358547584000","11.167005963654000","19273"
"6630","Niedersachsen","03","DE9","Lüneburg","Landkreis","03355","DE935","Amt Neuhaus","Gemeinde","03355049","DE935","17364","Wilkenstorf","53.159204150969000","11.110477795202000","19273"
"6631","Niedersachsen","03","DE9","Lüneburg","Landkreis","03355","DE935","Amt Neuhaus","Gemeinde","03355049","DE935","26034","Zeetze","53.226794530222000","10.989577819146000","19273"
"6414","Niedersachsen","03","DE9","Lüneburg","Landkreis","03355","DE935","Artlenburg","Gemeinde","03355003","DE935","85655","Artlenburg","53.371660000000000","10.487990000000000","21380"
"6415","Niedersachsen","03","DE9","Lüneburg","Landkreis","03355","DE935","Bardowick","Gemeinde","03355004","DE935","84978","Bardowick","53.295960000000000","10.392830000000000","21357"
"6416","Niedersachsen","03","DE9","Lüneburg","Landkreis","03355","DE935","Barendorf","Gemeinde","03355005","DE935","84975","Barendorf","53.229040000000000","10.521510000000000","21397"
"6417","Niedersachsen","03","DE9","Lüneburg","Landkreis","03355","DE935","Barnstedt","Gemeinde","03355006","DE935","84938","Barnstedt","53.135650000000000","10.371000000000000","21406"
"6418","Niedersachsen","03","DE9","Lüneburg","Landkreis","03355","DE935","Barnstedt","Gemeinde","03355006","DE935","32757","Kolkhagen","53.158208074619000","10.382620346281000","21406"
"6419","Niedersachsen","03","DE9","Lüneburg","Landkreis","03355","DE935","Barnstedt","Gemeinde","03355006","DE935","8029","Neukolkhagen","53.141179468663000","10.370018625927000","21406"
"6420","Niedersachsen","03","DE9","Lüneburg","Landkreis","03355","DE935","Barum","Gemeinde","03355007","DE935","84920","Barum","53.349270000000000","10.408330000000000","21357"
"6421","Niedersachsen","03","DE9","Lüneburg","Landkreis","03355","DE935","Barum","Gemeinde","03355007","DE935","12808","Horburg","53.358052218246000","10.396854519547000","21357"
"6422","Niedersachsen","03","DE9","Lüneburg","Landkreis","03355","DE935","Barum","Gemeinde","03355007","DE935","10557","Sankt Dionys","53.334542552226000","10.398501178985000","21357"
"6423","Niedersachsen","03","DE9","Lüneburg","Landkreis","03355","DE935","Barum","Gemeinde","03355007","DE935","107326","St. Dionys","53.334206470588000","10.398525882353000","21357"
"6424","Niedersachsen","03","DE9","Lüneburg","Landkreis","03355","DE935","Betzendorf","Gemeinde","03355008","DE935","84302","Betzendorf","53.137000000000000","10.311820000000000","21386"
"6425","Niedersachsen","03","DE9","Lüneburg","Landkreis","03355","DE935","Betzendorf","Gemeinde","03355008","DE935","14664","Drögennindorf","53.151935099571000","10.294894318242000","21386"
"6426","Niedersachsen","03","DE9","Lüneburg","Landkreis","03355","DE935","Betzendorf","Gemeinde","03355008","DE935","8722","Glüsingen","53.122984745273000","10.325811075808000","21386"
"6427","Niedersachsen","03","DE9","Lüneburg","Landkreis","03355","DE935","Betzendorf","Gemeinde","03355008","DE935","29469","Tellmer","53.111056471434000","10.302329212021000","21386"
"6428","Niedersachsen","03","DE9","Lüneburg","Landkreis","03355","DE935","Bleckede","Stadt","03355009","DE935","24155","Alt Garge","53.264392993757000","10.792068305634000","21354"
"6429","Niedersachsen","03","DE9","Lüneburg","Landkreis","03355","DE935","Bleckede","Stadt","03355009","DE935","5952","Barskamp","53.243701235022000","10.784873854951000","21354"
"6430","Niedersachsen","03","DE9","Lüneburg","Landkreis","03355","DE935","Bleckede","Stadt","03355009","DE935","107325","Bleckede","53.286721538462000","10.731722692308000","21354"
"6431","Niedersachsen","03","DE9","Lüneburg","Landkreis","03355","DE935","Bleckede","Stadt","03355009","DE935","83927","Bleckeder Moor","53.296660000000000","10.677090000000000","21354"
"6432","Niedersachsen","03","DE9","Lüneburg","Landkreis","03355","DE935","Bleckede","Stadt","03355009","DE935","8719","Brackede","53.353716920860000","10.705927900617000","21354"
"6433","Niedersachsen","03","DE9","Lüneburg","Landkreis","03355","DE935","Bleckede","Stadt","03355009","DE935","7459","Breetze","53.264337496462000","10.709288088746000","21354"
"6434","Niedersachsen","03","DE9","Lüneburg","Landkreis","03355","DE935","Bleckede","Stadt","03355009","DE935","18318","Garlstorf","53.350794878296000","10.671562713225000","21354"
"6435","Niedersachsen","03","DE9","Lüneburg","Landkreis","03355","DE935","Bleckede","Stadt","03355009","DE935","10103","Garze","53.307404358282000","10.694757299067000","21354"
"6436","Niedersachsen","03","DE9","Lüneburg","Landkreis","03355","DE935","Bleckede","Stadt","03355009","DE935","13844","Göddingen","53.256504032414000","10.763133646298000","21354"
"6437","Niedersachsen","03","DE9","Lüneburg","Landkreis","03355","DE935","Bleckede","Stadt","03355009","DE935","23833","Karze","53.314193799853000","10.674331629145000","21354"
"6438","Niedersachsen","03","DE9","Lüneburg","Landkreis","03355","DE935","Bleckede","Stadt","03355009","DE935","7458","Neu Bleckede","53.300492057780000","10.745302528750000","19273"
"6439","Niedersachsen","03","DE9","Lüneburg","Landkreis","03355","DE935","Bleckede","Stadt","03355009","DE935","86925","Neu Wendischthun","53.304840000000000","10.777610000000000","19273"
"6440","Niedersachsen","03","DE9","Lüneburg","Landkreis","03355","DE935","Bleckede","Stadt","03355009","DE935","24169","Nindorf","53.260968470046000","10.742624301683000","21354"
"6441","Niedersachsen","03","DE9","Lüneburg","Landkreis","03355","DE935","Bleckede","Stadt","03355009","DE935","14454","Radegast","53.345318004481000","10.724015901309000","21354"
"6442","Niedersachsen","03","DE9","Lüneburg","Landkreis","03355","DE935","Bleckede","Stadt","03355009","DE935","64154","Reeßeln","53.227800000000000","10.854570000000000","21354"
"6443","Niedersachsen","03","DE9","Lüneburg","Landkreis","03355","DE935","Bleckede","Stadt","03355009","DE935","32749","Rosenthal","53.312896125331000","10.634151701000000","21354"
"6444","Niedersachsen","03","DE9","Lüneburg","Landkreis","03355","DE935","Bleckede","Stadt","03355009","DE935","32750","Vogelsang","53.324721322994000","10.658851500068000","21354"
"6445","Niedersachsen","03","DE9","Lüneburg","Landkreis","03355","DE935","Bleckede","Stadt","03355009","DE935","14599","Walmsburg","53.239494771436000","10.844387245435000","21354"
"6446","Niedersachsen","03","DE9","Lüneburg","Landkreis","03355","DE935","Bleckede","Stadt","03355009","DE935","32751","Wendewisch","53.350095140622000","10.649976123779000","21354"
"6447","Niedersachsen","03","DE9","Lüneburg","Landkreis","03355","DE935","Boitze","Gemeinde","03355010","DE935","4519","Ahndorf","53.158751741832000","10.738129930884000","21368"
"6448","Niedersachsen","03","DE9","Lüneburg","Landkreis","03355","DE935","Boitze","Gemeinde","03355010","DE935","83712","Boitze","53.150890000000000","10.748980000000000","21368"
"6449","Niedersachsen","03","DE9","Lüneburg","Landkreis","03355","DE935","Boitze","Gemeinde","03355010","DE935","79857","Fladen","53.147610000000000","10.738740000000000","21368"
"6450","Niedersachsen","03","DE9","Lüneburg","Landkreis","03355","DE935","Boitze","Gemeinde","03355010","DE935","77219","Gut Horn","53.175310000000000","10.732510000000000","21368"
"6451","Niedersachsen","03","DE9","Lüneburg","Landkreis","03355","DE935","Boitze","Gemeinde","03355010","DE935","32703","Neetzendorf","53.161411193428000","10.764960372654000","21368"
"6452","Niedersachsen","03","DE9","Lüneburg","Landkreis","03355","DE935","Boitze","Gemeinde","03355010","DE935","22008","Seedorf","53.164773494417000","10.719286490715000","21368"
"6453","Niedersachsen","03","DE9","Lüneburg","Landkreis","03355","DE935","Boitze","Gemeinde","03355010","DE935","17328","Vindorf","53.157928375914000","10.721869617507000","21368"
"6454","Niedersachsen","03","DE9","Lüneburg","Landkreis","03355","DE935","Brietlingen","Gemeinde","03355011","DE935","83271","Brietlingen","53.332850000000000","10.443050000000000","21382"
"6455","Niedersachsen","03","DE9","Lüneburg","Landkreis","03355","DE935","Brietlingen","Gemeinde","03355011","DE935","26248","Lüdershausen","53.351955930135000","10.449891847462000","21382"
"6456","Niedersachsen","03","DE9","Lüneburg","Landkreis","03355","DE935","Brietlingen","Gemeinde","03355011","DE935","11325","Moorburg","53.313718832677000","10.440285444439000","21382"
"6457","Niedersachsen","03","DE9","Lüneburg","Landkreis","03355","DE935","Dahlem","Gemeinde","03355012","DE935","82399","Dahlem","53.203130000000000","10.748170000000000","21368"
"6458","Niedersachsen","03","DE9","Lüneburg","Landkreis","03355","DE935","Dahlem","Gemeinde","03355012","DE935","24562","Harmstorf","53.214229263640000","10.756038538123000","21368"
"6459","Niedersachsen","03","DE9","Lüneburg","Landkreis","03355","DE935","Dahlem","Gemeinde","03355012","DE935","23922","Köstorf","53.229130233507000","10.752545036750000","21368"
"6460","Niedersachsen","03","DE9","Lüneburg","Landkreis","03355","DE935","Dahlem","Gemeinde","03355012","DE935","10026","Marienau","53.202123523942000","10.730155936444000","21368"
"6461","Niedersachsen","03","DE9","Lüneburg","Landkreis","03355","DE935","Dahlenburg","Gemeinde","03355013","DE935","107327","Bargmoor","53.239560000000000","10.700760000000000","21368"
"6462","Niedersachsen","03","DE9","Lüneburg","Landkreis","03355","DE935","Dahlenburg","Gemeinde","03355013","DE935","2227","Becklingen","53.168497177489000","10.638806935066000","21368"
"6463","Niedersachsen","03","DE9","Lüneburg","Landkreis","03355","DE935","Dahlenburg","Gemeinde","03355013","DE935","4873","Buendorf","53.180148002852000","10.754464453585000","21368"
"6464","Niedersachsen","03","DE9","Lüneburg","Landkreis","03355","DE935","Dahlenburg","Gemeinde","03355013","DE935","82392","Dahlenburg","53.188820000000000","10.731820000000000","21368"
"6465","Niedersachsen","03","DE9","Lüneburg","Landkreis","03355","DE935","Dahlenburg","Gemeinde","03355013","DE935","7943","Dumstorf","53.176952978557000","10.692715951447000","21368"
"6466","Niedersachsen","03","DE9","Lüneburg","Landkreis","03355","DE935","Dahlenburg","Gemeinde","03355013","DE935","80939","Eimstorf","53.186230000000000","10.682630000000000","21368"
"6467","Niedersachsen","03","DE9","Lüneburg","Landkreis","03355","DE935","Dahlenburg","Gemeinde","03355013","DE935","14561","Ellringen","53.222965771565000","10.703415651018000","21368"
"6468","Niedersachsen","03","DE9","Lüneburg","Landkreis","03355","DE935","Dahlenburg","Gemeinde","03355013","DE935","23481","Gienau","53.162748037763000","10.663773175229000","21368"
"6469","Niedersachsen","03","DE9","Lüneburg","Landkreis","03355","DE935","Dahlenburg","Gemeinde","03355013","DE935","77630","Groß Sommerbeck","53.204500000000000","10.681300000000000","21368"
"6470","Niedersachsen","03","DE9","Lüneburg","Landkreis","03355","DE935","Dahlenburg","Gemeinde","03355013","DE935","72479","Klein Sommerbeck","53.201640000000000","10.678750000000000","21368"
"6471","Niedersachsen","03","DE9","Lüneburg","Landkreis","03355","DE935","Dahlenburg","Gemeinde","03355013","DE935","70966","Leestahl","53.208480000000000","10.698040000000000","21368"
"6472","Niedersachsen","03","DE9","Lüneburg","Landkreis","03355","DE935","Dahlenburg","Gemeinde","03355013","DE935","757","Lemgrabe","53.176810968404000","10.713301921788000","21368"
"6473","Niedersachsen","03","DE9","Lüneburg","Landkreis","03355","DE935","Dahlenburg","Gemeinde","03355013","DE935","31190","Quickborn","53.186972314421000","10.753531069616000","21368"
"6474","Niedersachsen","03","DE9","Lüneburg","Landkreis","03355","DE935","Dahlenburg","Gemeinde","03355013","DE935","63666","Riecklingen","53.208520000000000","10.712300000000000","21368"
"6475","Niedersachsen","03","DE9","Lüneburg","Landkreis","03355","DE935","Dahlenburg","Gemeinde","03355013","DE935","60974","Siecke","53.167700000000000","10.663440000000000","21368"
"6476","Niedersachsen","03","DE9","Lüneburg","Landkreis","03355","DE935","Deutsch Evern","Gemeinde","03355014","DE935","82096","Deutsch Evern","53.203230000000000","10.441110000000000","21407"
"6477","Niedersachsen","03","DE9","Lüneburg","Landkreis","03355","DE935","Echem","Gemeinde","03355015","DE935","107330","Bullendorf","53.343457500000000","10.561002500000000","21379"
"6478","Niedersachsen","03","DE9","Lüneburg","Landkreis","03355","DE935","Echem","Gemeinde","03355015","DE935","81343","Echem","53.338150000000000","10.531600000000000","21379"
"6479","Niedersachsen","03","DE9","Lüneburg","Landkreis","03355","DE935","Echem","Gemeinde","03355015","DE935","79868","Fischhausen","53.332600000000000","10.490280000000000","21379"
"6480","Niedersachsen","03","DE9","Lüneburg","Landkreis","03355","DE935","Embsen","Gemeinde","03355016","DE935","80677","Embsen","53.178470000000000","10.346910000000000","21409"
"6481","Niedersachsen","03","DE9","Lüneburg","Landkreis","03355","DE935","Embsen","Gemeinde","03355016","DE935","19704","Heinsen","53.158292914119000","10.345696518695000","21409"
"6482","Niedersachsen","03","DE9","Lüneburg","Landkreis","03355","DE935","Embsen","Gemeinde","03355016","DE935","67759","Neu Oerzen","53.179540000000000","10.318520000000000","21409"
"6483","Niedersachsen","03","DE9","Lüneburg","Landkreis","03355","DE935","Embsen","Gemeinde","03355016","DE935","32722","Oerzen","53.193519967583000","10.325966890564000","21409"
"6484","Niedersachsen","03","DE9","Lüneburg","Landkreis","03355","DE935","Embsen","Gemeinde","03355016","DE935","32756","Wagenhorst","53.180665794998000","10.360685563609000","21409"
"6485","Niedersachsen","03","DE9","Lüneburg","Landkreis","03355","DE935","Handorf","Gemeinde","03355017","DE935","76675","Handorf","53.343890000000000","10.345210000000000","21447"
"6486","Niedersachsen","03","DE9","Lüneburg","Landkreis","03355","DE935","Hittbergen","Gemeinde","03355018","DE935","24694","Barförde","53.367120623731000","10.631191717138000","21522"
"6487","Niedersachsen","03","DE9","Lüneburg","Landkreis","03355","DE935","Hittbergen","Gemeinde","03355018","DE935","75240","Hittbergen","53.344300000000000","10.588640000000000","21522"
"6488","Niedersachsen","03","DE9","Lüneburg","Landkreis","03355","DE935","Hohnstorf (Elbe)","Gemeinde","03355019","DE935","27381","Bullendorf","53.348342906579000","10.568895068336000","21522"
"6489","Niedersachsen","03","DE9","Lüneburg","Landkreis","03355","DE935","Hohnstorf (Elbe)","Gemeinde","03355019","DE935","74640","Hohnstorf","53.365460000000000","10.546480000000000","21522"
"6490","Niedersachsen","03","DE9","Lüneburg","Landkreis","03355","DE935","Hohnstorf (Elbe)","Gemeinde","03355019","DE935","62628","Sassendorf","53.354470000000000","10.578090000000000","21522"
"6491","Niedersachsen","03","DE9","Lüneburg","Landkreis","03355","DE935","Kirchgellersen","Gemeinde","03355020","DE935","72868","Kirchgellersen","53.230270000000000","10.290410000000000","21394"
"6492","Niedersachsen","03","DE9","Lüneburg","Landkreis","03355","DE935","Lüdersburg","Gemeinde","03355021","DE935","86484","Ahrenschulter","53.328520000000000","10.623290000000000","21379"
"6493","Niedersachsen","03","DE9","Lüneburg","Landkreis","03355","DE935","Lüdersburg","Gemeinde","03355021","DE935","32747","Bockelkathen","53.303377945664000","10.569349876973000","21379"
"6494","Niedersachsen","03","DE9","Lüneburg","Landkreis","03355","DE935","Lüdersburg","Gemeinde","03355021","DE935","32748","Jürgenstorf","53.325683985818000","10.597652101008000","21379"
"6495","Niedersachsen","03","DE9","Lüneburg","Landkreis","03355","DE935","Lüdersburg","Gemeinde","03355021","DE935","70053","Lüdersburg","53.321040000000000","10.573990000000000","21379"
"6496","Niedersachsen","03","DE9","Lüneburg","Landkreis","03355","DE935","Lüdersburg","Gemeinde","03355021","DE935","67874","Neu Jürgenstorf","53.307540000000000","10.616370000000000","21379"
"6497","Niedersachsen","03","DE9","Lüneburg","Landkreis","03355","DE935","Lüneburg","Stadt","03355022","DE935","107315","Altstadt","53.248023548387000","10.406868709677000","21335"
"6498","Niedersachsen","03","DE9","Lüneburg","Landkreis","03355","DE935","Lüneburg","Stadt","03355022","DE935","107316","Bockelsberg","53.226277419355000","10.401772580645000","21335"
"6499","Niedersachsen","03","DE9","Lüneburg","Landkreis","03355","DE935","Lüneburg","Stadt","03355022","DE935","81405","Ebensberg","53.264740000000000","10.461870000000000","21337"
"6500","Niedersachsen","03","DE9","Lüneburg","Landkreis","03355","DE935","Lüneburg","Stadt","03355022","DE935","107324","Goseburg-Zeltberg","53.265734838710000","10.411241290323000","21339"
"6501","Niedersachsen","03","DE9","Lüneburg","Landkreis","03355","DE935","Lüneburg","Stadt","03355022","DE935","32752","Häcklingen","53.211300341239000","10.388707864533000","21335"
"6502","Niedersachsen","03","DE9","Lüneburg","Landkreis","03355","DE935","Lüneburg","Stadt","03355022","DE935","22521","Hagen","53.232556257931000","10.458416279066000","21337"
"6503","Niedersachsen","03","DE9","Lüneburg","Landkreis","03355","DE935","Lüneburg","Stadt","03355022","DE935","73389","Kaltenmoor","53.233840000000000","10.441680000000000","21337"
"6504","Niedersachsen","03","DE9","Lüneburg","Landkreis","03355","DE935","Lüneburg","Stadt","03355022","DE935","107317","Kreideberg","53.252840000000000","10.404060000000000","21335"
"6505","Niedersachsen","03","DE9","Lüneburg","Landkreis","03355","DE935","Lüneburg","Stadt","03355022","DE935","107317","Kreideberg","53.252840000000000","10.404060000000000","21339"
"6506","Niedersachsen","03","DE9","Lüneburg","Landkreis","03355","DE935","Lüneburg","Stadt","03355022","DE935","70033","Lüne-Moorfeld","53.274390000000000","10.387220000000000","21335"
"6507","Niedersachsen","03","DE9","Lüneburg","Landkreis","03355","DE935","Lüneburg","Stadt","03355022","DE935","70033","Lüne-Moorfeld","53.274390000000000","10.387220000000000","21337"
"6508","Niedersachsen","03","DE9","Lüneburg","Landkreis","03355","DE935","Lüneburg","Stadt","03355022","DE935","70033","Lüne-Moorfeld","53.274390000000000","10.387220000000000","21339"
"6509","Niedersachsen","03","DE9","Lüneburg","Landkreis","03355","DE935","Lüneburg","Stadt","03355022","DE935","107318","Mittelfeld","53.240407692308000","10.398075384615000","21335"
"6510","Niedersachsen","03","DE9","Lüneburg","Landkreis","03355","DE935","Lüneburg","Stadt","03355022","DE935","107318","Mittelfeld","53.240407692308000","10.398075384615000","21339"
"6511","Niedersachsen","03","DE9","Lüneburg","Landkreis","03355","DE935","Lüneburg","Stadt","03355022","DE935","107322","Neu Hagen","53.246229677419000","10.452276451613000","21337"
"6512","Niedersachsen","03","DE9","Lüneburg","Landkreis","03355","DE935","Lüneburg","Stadt","03355022","DE935","27303","Ochtmissen","53.274516354037000","10.391202238096000","21339"
"6513","Niedersachsen","03","DE9","Lüneburg","Landkreis","03355","DE935","Lüneburg","Stadt","03355022","DE935","12508","Oedeme","53.228176269610000","10.375064765958000","21335"
"6514","Niedersachsen","03","DE9","Lüneburg","Landkreis","03355","DE935","Lüneburg","Stadt","03355022","DE935","12508","Oedeme","53.228176269610000","10.375064765958000","21339"
"6515","Niedersachsen","03","DE9","Lüneburg","Landkreis","03355","DE935","Lüneburg","Stadt","03355022","DE935","29831","Rettmer","53.212870876344000","10.368145470777000","21335"
"6516","Niedersachsen","03","DE9","Lüneburg","Landkreis","03355","DE935","Lüneburg","Stadt","03355022","DE935","107319","Rotes Feld","53.237655161290000","10.408296451613000","21335"
"6517","Niedersachsen","03","DE9","Lüneburg","Landkreis","03355","DE935","Lüneburg","Stadt","03355022","DE935","107320","Schützenplatz","53.235060000000000","10.407720000000000","21335"
"6518","Niedersachsen","03","DE9","Lüneburg","Landkreis","03355","DE935","Lüneburg","Stadt","03355022","DE935","107320","Schützenplatz","53.235060000000000","10.407720000000000","21337"
"6519","Niedersachsen","03","DE9","Lüneburg","Landkreis","03355","DE935","Lüneburg","Stadt","03355022","DE935","107321","Weststadt","53.248360000000000","10.399200000000000","21335"
"6520","Niedersachsen","03","DE9","Lüneburg","Landkreis","03355","DE935","Lüneburg","Stadt","03355022","DE935","107321","Weststadt","53.248360000000000","10.399200000000000","21339"
"6521","Niedersachsen","03","DE9","Lüneburg","Landkreis","03355","DE935","Lüneburg","Stadt","03355022","DE935","107321","Weststadt","53.248360000000000","10.399200000000000","21391"
"6522","Niedersachsen","03","DE9","Lüneburg","Landkreis","03355","DE935","Lüneburg","Stadt","03355022","DE935","107323","Wilschenbruch","53.231060000000000","10.420577777778000","21337"
"6523","Niedersachsen","03","DE9","Lüneburg","Landkreis","03355","DE935","Mechtersen","Gemeinde","03355023","DE935","69433","Mechtersen","53.280260000000000","10.318740000000000","21358"
"6524","Niedersachsen","03","DE9","Lüneburg","Landkreis","03355","DE935","Melbeck","Gemeinde","03355024","DE935","69338","Melbeck","53.169470000000000","10.434670000000000","21406"
"6525","Niedersachsen","03","DE9","Lüneburg","Landkreis","03355","DE935","Nahrendorf","Gemeinde","03355025","DE935","83408","Breese","53.166340000000000","10.850810000000000","21369"
"6526","Niedersachsen","03","DE9","Lüneburg","Landkreis","03355","DE935","Nahrendorf","Gemeinde","03355025","DE935","11595","Eichdorf","53.163039356384000","10.830913735224000","21369"
"6527","Niedersachsen","03","DE9","Lüneburg","Landkreis","03355","DE935","Nahrendorf","Gemeinde","03355025","DE935","71945","Kovahl","53.182860000000000","10.859150000000000","21369"
"6528","Niedersachsen","03","DE9","Lüneburg","Landkreis","03355","DE935","Nahrendorf","Gemeinde","03355025","DE935","27794","Lüben","53.157254951329000","10.854992309586000","21369"
"6529","Niedersachsen","03","DE9","Lüneburg","Landkreis","03355","DE935","Nahrendorf","Gemeinde","03355025","DE935","68838","Moislingen","53.192100000000000","10.883640000000000","21369"
"6530","Niedersachsen","03","DE9","Lüneburg","Landkreis","03355","DE935","Nahrendorf","Gemeinde","03355025","DE935","32702","Mücklingen","53.180388437514000","10.784091469883000","21369"
"6531","Niedersachsen","03","DE9","Lüneburg","Landkreis","03355","DE935","Nahrendorf","Gemeinde","03355025","DE935","68356","Nahrendorf","53.173760000000000","10.814260000000000","21369"
"6532","Niedersachsen","03","DE9","Lüneburg","Landkreis","03355","DE935","Nahrendorf","Gemeinde","03355025","DE935","14636","Neestahl","53.180221275836000","10.864184279683000","21369"
"6533","Niedersachsen","03","DE9","Lüneburg","Landkreis","03355","DE935","Nahrendorf","Gemeinde","03355025","DE935","20685","Nieperfitz","53.158229835836000","10.880543323904000","21369"
"6534","Niedersachsen","03","DE9","Lüneburg","Landkreis","03355","DE935","Nahrendorf","Gemeinde","03355025","DE935","67112","Nüdlitz","53.185680000000000","10.837610000000000","21369"
"6535","Niedersachsen","03","DE9","Lüneburg","Landkreis","03355","DE935","Nahrendorf","Gemeinde","03355025","DE935","33747","Oldendorf a.d. Göhrde","53.158336652009000","10.810943486028000","21369"
"6536","Niedersachsen","03","DE9","Lüneburg","Landkreis","03355","DE935","Nahrendorf","Gemeinde","03355025","DE935","107328","Oldendorf an der Göhrde","53.160552857143000","10.813105714286000","21369"
"6537","Niedersachsen","03","DE9","Lüneburg","Landkreis","03355","DE935","Nahrendorf","Gemeinde","03355025","DE935","27655","Pommoissel","53.162595975734000","10.866626499457000","21369"
"6538","Niedersachsen","03","DE9","Lüneburg","Landkreis","03355","DE935","Nahrendorf","Gemeinde","03355025","DE935","107329","Röthen","53.144460000000000","10.808940000000000","21369"
"6539","Niedersachsen","03","DE9","Lüneburg","Landkreis","03355","DE935","Nahrendorf","Gemeinde","03355025","DE935","59512","Süschendorf","53.167350000000000","10.780870000000000","21369"
"6540","Niedersachsen","03","DE9","Lüneburg","Landkreis","03355","DE935","Nahrendorf","Gemeinde","03355025","DE935","59398","Tangsehl","53.173650000000000","10.879520000000000","21369"
"6541","Niedersachsen","03","DE9","Lüneburg","Landkreis","03355","DE935","Neetze","Gemeinde","03355026","DE935","68251","Neetze","53.264950000000000","10.621820000000000","21398"
"6542","Niedersachsen","03","DE9","Lüneburg","Landkreis","03355","DE935","Neetze","Gemeinde","03355026","DE935","67777","Neu Neetze","53.286680000000000","10.617070000000000","21398"
"6543","Niedersachsen","03","DE9","Lüneburg","Landkreis","03355","DE935","Neetze","Gemeinde","03355026","DE935","67649","Neu Süttorf","53.273070000000000","10.682770000000000","21398"
"6544","Niedersachsen","03","DE9","Lüneburg","Landkreis","03355","DE935","Neetze","Gemeinde","03355026","DE935","16042","Süttorf","53.249134614892000","10.635426336794000","21398"
"6545","Niedersachsen","03","DE9","Lüneburg","Landkreis","03355","DE935","Oldendorf (Luhe)","Gemeinde","03355027","DE935","12972","Marxen am Berge","53.160398810760000","10.247992869153000","21385"
"6546","Niedersachsen","03","DE9","Lüneburg","Landkreis","03355","DE935","Oldendorf (Luhe)","Gemeinde","03355027","DE935","107331","Neu Oldendorf","53.170370000000000","10.203140000000000","21385"
"6547","Niedersachsen","03","DE9","Lüneburg","Landkreis","03355","DE935","Oldendorf (Luhe)","Gemeinde","03355027","DE935","65812","Oldendorf","53.155120000000000","10.213950000000000","21385"
"6548","Niedersachsen","03","DE9","Lüneburg","Landkreis","03355","DE935","Oldendorf (Luhe)","Gemeinde","03355027","DE935","18734","Wetzen","53.174650256600000","10.238597344766000","21385"
"6549","Niedersachsen","03","DE9","Lüneburg","Landkreis","03355","DE935","Oldendorf (Luhe)","Gemeinde","03355027","DE935","107332","Wohlenbüttel","53.141810000000000","10.196730000000000","21385"
"6550","Niedersachsen","03","DE9","Lüneburg","Landkreis","03355","DE935","Radbruch","Gemeinde","03355028","DE935","64483","Radbruch","53.310610000000000","10.285090000000000","21449"
"6551","Niedersachsen","03","DE9","Lüneburg","Landkreis","03355","DE935","Rehlingen","Gemeinde","03355029","DE935","32856","Bockum","53.090662690457000","10.203544563433000","21385"
"6552","Niedersachsen","03","DE9","Lüneburg","Landkreis","03355","DE935","Rehlingen","Gemeinde","03355029","DE935","32860","Diersbüttel","53.099633876406000","10.259755180632000","21385"
"6553","Niedersachsen","03","DE9","Lüneburg","Landkreis","03355","DE935","Rehlingen","Gemeinde","03355029","DE935","32855","Ehlbeck","53.088462353091000","10.157998999660000","21385"
"6554","Niedersachsen","03","DE9","Lüneburg","Landkreis","03355","DE935","Rehlingen","Gemeinde","03355029","DE935","64118","Rehlingen","53.105650000000000","10.221170000000000","21385"
"6555","Niedersachsen","03","DE9","Lüneburg","Landkreis","03355","DE935","Rehlingen","Gemeinde","03355029","DE935","32859","Rehrhof","53.095251881117000","10.146283301883000","21385"
"6556","Niedersachsen","03","DE9","Lüneburg","Landkreis","03355","DE935","Reinstorf","Gemeinde","03355030","DE935","22791","Holzen","53.240902534964000","10.584024761688000","21400"
"6557","Niedersachsen","03","DE9","Lüneburg","Landkreis","03355","DE935","Reinstorf","Gemeinde","03355030","DE935","30308","Horndorf","53.215236981523000","10.589725978383000","21400"
"6558","Niedersachsen","03","DE9","Lüneburg","Landkreis","03355","DE935","Reinstorf","Gemeinde","03355030","DE935","107334","Neu Sülbeck","53.252350000000000","10.512660000000000","21400"
"6559","Niedersachsen","03","DE9","Lüneburg","Landkreis","03355","DE935","Reinstorf","Gemeinde","03355030","DE935","107335","Neu Wendhausen","53.252155000000000","10.515250000000000","21400"
"6560","Niedersachsen","03","DE9","Lüneburg","Landkreis","03355","DE935","Reinstorf","Gemeinde","03355030","DE935","63979","Reinstorf","53.233860000000000","10.571610000000000","21400"
"6561","Niedersachsen","03","DE9","Lüneburg","Landkreis","03355","DE935","Reinstorf","Gemeinde","03355030","DE935","11757","Sülbeck","53.264768003732000","10.565901176903000","21400"
"6562","Niedersachsen","03","DE9","Lüneburg","Landkreis","03355","DE935","Reinstorf","Gemeinde","03355030","DE935","13276","Wendhausen","53.250235112374000","10.564410827377000","21400"
"6563","Niedersachsen","03","DE9","Lüneburg","Landkreis","03355","DE935","Reppenstedt","Gemeinde","03355031","DE935","3218","Dachtmissen","53.253163517222000","10.317743400162000","21391"
"6564","Niedersachsen","03","DE9","Lüneburg","Landkreis","03355","DE935","Reppenstedt","Gemeinde","03355031","DE935","63807","Reppenstedt","53.247580000000000","10.353700000000000","21391"
"6565","Niedersachsen","03","DE9","Lüneburg","Landkreis","03355","DE935","Rullstorf","Gemeinde","03355032","DE935","17742","Boltersen","53.275373701688000","10.566081975424000","21379"
"6566","Niedersachsen","03","DE9","Lüneburg","Landkreis","03355","DE935","Rullstorf","Gemeinde","03355032","DE935","68144","Neu Boltersen","53.289850000000000","10.589200000000000","21379"
"6567","Niedersachsen","03","DE9","Lüneburg","Landkreis","03355","DE935","Rullstorf","Gemeinde","03355032","DE935","67786","Neumühlen","53.289650000000000","10.556300000000000","21379"
"6568","Niedersachsen","03","DE9","Lüneburg","Landkreis","03355","DE935","Rullstorf","Gemeinde","03355032","DE935","62879","Rullstorf","53.286340000000000","10.529780000000000","21379"
"6569","Niedersachsen","03","DE9","Lüneburg","Landkreis","03355","DE935","Scharnebeck","Gemeinde","03355033","DE935","70762","Lentenau","53.275140000000000","10.506370000000000","21379"
"6570","Niedersachsen","03","DE9","Lüneburg","Landkreis","03355","DE935","Scharnebeck","Gemeinde","03355033","DE935","87509","Neu Rullstorf","53.303760000000000","10.525020000000000","21379"
"6571","Niedersachsen","03","DE9","Lüneburg","Landkreis","03355","DE935","Scharnebeck","Gemeinde","03355033","DE935","32755","Nutzfelde","53.268406621245000","10.517466770212000","21379"
"6572","Niedersachsen","03","DE9","Lüneburg","Landkreis","03355","DE935","Scharnebeck","Gemeinde","03355033","DE935","62448","Scharnebeck","53.294250000000000","10.509660000000000","21379"
"6573","Niedersachsen","03","DE9","Lüneburg","Landkreis","03355","DE935","Soderstorf","Gemeinde","03355034","DE935","107333","Aspelhorn","53.142230000000000","10.148980000000000","21388"
"6574","Niedersachsen","03","DE9","Lüneburg","Landkreis","03355","DE935","Soderstorf","Gemeinde","03355034","DE935","15470","Raven","53.173905776266000","10.158908416234000","21388"
"6575","Niedersachsen","03","DE9","Lüneburg","Landkreis","03355","DE935","Soderstorf","Gemeinde","03355034","DE935","6424","Rolfsen","53.161824977265000","10.158956793183000","21388"
"6576","Niedersachsen","03","DE9","Lüneburg","Landkreis","03355","DE935","Soderstorf","Gemeinde","03355034","DE935","32858","Schwindebeck","53.125243153567000","10.117530558968000","21388"
"6577","Niedersachsen","03","DE9","Lüneburg","Landkreis","03355","DE935","Soderstorf","Gemeinde","03355034","DE935","60776","Soderstorf","53.142450000000000","10.149200000000000","21388"
"6578","Niedersachsen","03","DE9","Lüneburg","Landkreis","03355","DE935","Südergellersen","Gemeinde","03355035","DE935","30170","Heiligenthal","53.220349730975000","10.338560670920000","21394"
"6579","Niedersachsen","03","DE9","Lüneburg","Landkreis","03355","DE935","Südergellersen","Gemeinde","03355035","DE935","59562","Südergellersen","53.207820000000000","10.298410000000000","21394"
"6580","Niedersachsen","03","DE9","Lüneburg","Landkreis","03355","DE935","Thomasburg","Gemeinde","03355036","DE935","39","Bavendorf","53.196755242400000","10.639396827351000","21401"
"6581","Niedersachsen","03","DE9","Lüneburg","Landkreis","03355","DE935","Thomasburg","Gemeinde","03355036","DE935","1288","Radenbeck","53.223695097061000","10.629761824415000","21401"
"6582","Niedersachsen","03","DE9","Lüneburg","Landkreis","03355","DE935","Thomasburg","Gemeinde","03355036","DE935","59033","Thomasburg","53.232630000000000","10.656720000000000","21401"
"6583","Niedersachsen","03","DE9","Lüneburg","Landkreis","03355","DE935","Thomasburg","Gemeinde","03355036","DE935","10330","Wennekath","53.236537926309000","10.622383806181000","21401"
"6584","Niedersachsen","03","DE9","Lüneburg","Landkreis","03355","DE935","Thomasburg","Gemeinde","03355036","DE935","11677","Wiecheln","53.222616805301000","10.674725036799000","21401"
"6585","Niedersachsen","03","DE9","Lüneburg","Landkreis","03355","DE935","Tosterglope","Gemeinde","03355037","DE935","74327","Horndorf","53.197090000000000","10.795320000000000","21371"
"6586","Niedersachsen","03","DE9","Lüneburg","Landkreis","03355","DE935","Tosterglope","Gemeinde","03355037","DE935","72243","Köhlingen","53.214810000000000","10.837040000000000","21371"
"6587","Niedersachsen","03","DE9","Lüneburg","Landkreis","03355","DE935","Tosterglope","Gemeinde","03355037","DE935","58890","Tosterglope","53.210220000000000","10.817720000000000","21371"
"6588","Niedersachsen","03","DE9","Lüneburg","Landkreis","03355","DE935","Tosterglope","Gemeinde","03355037","DE935","2720","Ventschau","53.200955386268000","10.855927483455000","21371"
"6589","Niedersachsen","03","DE9","Lüneburg","Landkreis","03355","DE935","Vastorf","Gemeinde","03355038","DE935","2751","Gifkendorf","53.189481020939000","10.549356793190000","21397"
"6590","Niedersachsen","03","DE9","Lüneburg","Landkreis","03355","DE935","Vastorf","Gemeinde","03355038","DE935","7535","Rohstorf","53.202200162015000","10.582079885575000","21397"
"6591","Niedersachsen","03","DE9","Lüneburg","Landkreis","03355","DE935","Vastorf","Gemeinde","03355038","DE935","57841","Vastorf","53.197530000000000","10.545220000000000","21397"
"6592","Niedersachsen","03","DE9","Lüneburg","Landkreis","03355","DE935","Vastorf","Gemeinde","03355038","DE935","18072","Volkstorf","53.205967232331000","10.545931893069000","21397"
"6593","Niedersachsen","03","DE9","Lüneburg","Landkreis","03355","DE935","Vögelsen","Gemeinde","03355039","DE935","57681","Vögelsen","53.277850000000000","10.351020000000000","21360"
"6594","Niedersachsen","03","DE9","Lüneburg","Landkreis","03355","DE935","Wendisch Evern","Gemeinde","03355040","DE935","56501","Wendisch Evern","53.214860000000000","10.472380000000000","21403"
"6595","Niedersachsen","03","DE9","Lüneburg","Landkreis","03355","DE935","Westergellersen","Gemeinde","03355041","DE935","56362","Westergellersen","53.233210000000000","10.248120000000000","21394"
"6596","Niedersachsen","03","DE9","Lüneburg","Landkreis","03355","DE935","Wittorf","Gemeinde","03355042","DE935","18942","Neu Wittorf","53.326766734288000","10.352567045950000","21357"
"6597","Niedersachsen","03","DE9","Lüneburg","Landkreis","03355","DE935","Wittorf","Gemeinde","03355042","DE935","55675","Wittorf","53.331360000000000","10.380290000000000","21357"
